ID,PurchaseOrderItem,PurchaseOrder_ID
11111111-1111-1111-1111-111111111101,00001,11111111-1111-1111-1111-111111111111
11111111-1111-1111-1111-111111111102,00002,11111111-1111-1111-1111-111111111111
11111111-1111-1111-1111-111111111103,00003,11111111-1111-1111-1111-111111111111
11111111-1111-1111-1111-111111111104,00004,11111111-1111-1111-1111-111111111111
22222222-2222-2222-2222-222222222201,00001,22222222-2222-2222-2222-222222222222
22222222-2222-2222-2222-222222222202,00002,22222222-2222-2222-2222-222222222222
22222222-2222-2222-2222-222222222203,00003,22222222-2222-2222-2222-222222222222
22222222-2222-2222-2222-222222222204,00004,22222222-2222-2222-2222-222222222222
33333333-3333-3333-3333-333333333301,00001,33333333-3333-3333-3333-333333333333
33333333-3333-3333-3333-333333333302,00002,33333333-3333-3333-3333-333333333333
33333333-3333-3333-3333-333333333303,00003,33333333-3333-3333-3333-333333333333
33333333-3333-3333-3333-333333333304,00004,33333333-3333-3333-3333-333333333333
44444444-4444-4444-4444-444444444401,00001,44444444-4444-4444-4444-444444444444
44444444-4444-4444-4444-444444444402,00002,44444444-4444-4444-4444-444444444444
44444444-4444-4444-4444-444444444403,00003,44444444-4444-4444-4444-444444444444
44444444-4444-4444-4444-444444444404,00004,44444444-4444-4444-4444-444444444444
55555555-5555-5555-5555-555555555501,00001,55555555-5555-5555-5555-555555555555
55555555-5555-5555-5555-555555555502,00002,55555555-5555-5555-5555-555555555555
55555555-5555-5555-5555-555555555503,00003,55555555-5555-5555-5555-555555555555
55555555-5555-5555-5555-555555555504,00004,55555555-5555-5555-5555-555555555555
66666666-6666-6666-6666-666666666601,00001,66666666-6666-6666-6666-666666666666
66666666-6666-6666-6666-666666666602,00002,66666666-6666-6666-6666-666666666666
66666666-6666-6666-6666-666666666603,00003,66666666-6666-6666-6666-666666666666
66666666-6666-6666-6666-666666666604,00004,66666666-6666-6666-6666-666666666666
77777777-7777-7777-7777-777777777701,00001,77777777-7777-7777-7777-777777777777
77777777-7777-7777-7777-777777777702,00002,77777777-7777-7777-7777-777777777777
77777777-7777-7777-7777-777777777703,00003,77777777-7777-7777-7777-777777777777
77777777-7777-7777-7777-777777777704,00004,77777777-7777-7777-7777-777777777777
88888888-8888-8888-8888-888888888801,00001,88888888-8888-8888-8888-888888888888
88888888-8888-8888-8888-888888888802,00002,88888888-8888-8888-8888-888888888888
88888888-8888-8888-8888-888888888803,00003,88888888-8888-8888-8888-888888888888
88888888-8888-8888-8888-888888888804,00004,88888888-8888-8888-8888-888888888888
99999999-9999-9999-9999-999999999901,00001,99999999-9999-9999-9999-999999999999
99999999-9999-9999-9999-999999999902,00002,99999999-9999-9999-9999-999999999999
99999999-9999-9999-9999-999999999903,00003,99999999-9999-9999-9999-999999999999
99999999-9999-9999-9999-999999999904,00004,99999999-9999-9999-9999-999999999999
aaaaaaaa-aaaa-aaaa-aaaa-aaaaaaaaaa01,00001,aaaaaaaa-aaaa-aaaa-aaaa-aaaaaaaaaaaa
aaaaaaaa-aaaa-aaaa-aaaa-aaaaaaaaaa02,00002,aaaaaaaa-aaaa-aaaa-aaaa-aaaaaaaaaaaa
aaaaaaaa-aaaa-aaaa-aaaa-aaaaaaaaaa03,00003,aaaaaaaa-aaaa-aaaa-aaaa-aaaaaaaaaaaa
aaaaaaaa-aaaa-aaaa-aaaa-aaaaaaaaaa04,00004,aaaaaaaa-aaaa-aaaa-aaaa-aaaaaaaaaaaa